{
  "RandomForest": {
    "metrics": {
      "mae": 124.92645277655586,
      "r2": 0.9949889086989472
    },
    "is_best": false
  },
  "XGBoost": {
    "metrics": {
      "mae": 67.1235851844475,
      "r2": 0.9987280246663823
    },
    "is_best": true
  },
  "Ridge": {
    "metrics": {
      "mae": 2475.7848495867556,
      "r2": 0.5977226413364056
    },
    "is_best": false
  }
}